clientId,first_name,last_name,currency,balance
1,Davide,Setter,EUR,865714.69
1,Davide,Setter,RUB,100000.00
2,Micky,Cliffe,USD,617605.25
3,Tremaine,Inwood,EUR,139207.2
4,Wendy,Olivari,RUB,993226.06
5,Mack,Timmis,USD,669147.77
6,Maureene,Bayston,USD,112794.59
7,Jobey,Vondrach,GBP,682604.25
8,Darren,Eades,USD,506961.12
9,Winny,Kellog,USD,810182.29
10,Lyda,Ksandra,EUR,271566.78
11,Clair,Surcomb,GBP,31939.49
12,Sanderson,Bramhall,EUR,465065.83
13,Katya,Almey,GBP,442420.02
14,Peria,Banker,EUR,510545.81
15,Hubert,Smittoune,GBP,764543.7
16,Desi,Gwilliam,GBP,182452.85
17,Tildy,Lindsley,USD,495637.14
18,Braden,Stonelake,EUR,672174.75
19,Hilary,Colquit,USD,431695.75
20,Putnem,Serginson,EUR,798965.45
21,Chicky,Ledster,EUR,698378.65
22,Kerwinn,Dennant,EUR,207974.84
23,Kenna,Matusov,RUB,648153.09
24,Fields,Dunckley,EUR,806108.85
25,Anette,Denkin,RUB,143118.96
26,Lyell,Fattori,RUB,22976.11
27,Polly,Franek,USD,877581.17
28,Galina,Vanelli,GBP,165628.24
29,Melli,Dacke,EUR,19741.35
30,Melba,Yandell,USD,405125.02
31,Kendre,De Bruin,GBP,830447.31
32,Janine,Boshere,EUR,508878.3
33,Jan,Raffon,GBP,211518.6
34,Ed,Woodier,USD,412956.46
35,Dew,Higgan,EUR,813665.81
36,Manfred,Brunstan,EUR,751092.48
37,Anthia,Grigolli,USD,102777.52
38,Janeen,Aleksankov,USD,189345.29
39,Dill,Christaeas,USD,404756.08
40,Romonda,Eingerfield,EUR,982926.01
41,Dame,Basley,GBP,740154.55
42,Charlean,Paulo,GBP,955757.45
43,Tudor,Wykes,EUR,477029.86
44,Derek,Skillett,RUB,670402.17
45,Jenna,Porcas,EUR,12935.77
46,Genny,Gay,USD,215548.48
47,Quent,Core,GBP,301855.57
48,Alair,Amar,RUB,521470.82
49,Clark,Schubart,RUB,570593.2
50,Judah,Caramuscia,RUB,654356.51
51,Alphonso,Guyonnet,RUB,45370.4
52,Sandra,Bazire,RUB,778726.33
53,Tab,Beddon,RUB,33385.23
54,Elle,Hove,EUR,583811.52
55,Marshall,Fayers,EUR,31123.09
56,Tildie,Painter,GBP,260321.62
57,Mariam,Van Waadenburg,RUB,110234.46
58,Bendix,Huckster,GBP,326291.44
59,Marla,Sommerscales,USD,998216.09
60,Gerardo,Gavrieli,USD,13782.12
61,Aretha,Baraja,EUR,776752.14
62,Benni,Snelgar,GBP,340131.1
63,Kanya,Barwick,RUB,747540.61
64,Pepe,Masterman,RUB,710432.7
65,Flory,Spawell,EUR,982032.95
66,Shandra,Dockrey,USD,106468.73
67,Rowe,Brimner,RUB,64167.2
68,Ervin,Jamison,USD,937439.6
69,Fleming,Challens,EUR,264162.52
70,Elton,Deporte,GBP,595284.29
71,Sigismond,Kowalski,EUR,948700.18
72,Darrick,Vickerstaff,USD,549300.04
73,Timmie,Bonafacino,EUR,414793.5
74,Brandie,Dobeson,USD,698649.16
75,Yorke,Tomasino,EUR,50116.8
76,Erhart,Gulleford,EUR,523490.12
77,Crissie,MattiCCI,EUR,894238.38
78,Kora,Belham,EUR,452960.1
79,Trevor,Carlill,RUB,459777.32
80,Clark,Altham,GBP,728258.96
81,Ricard,Iacovacci,RUB,664168.65
82,Yank,Kosel,EUR,735648.65
83,Anastassia,Catlette,EUR,332493.39
84,Perrine,Cauderlie,RUB,631842.91
85,Lemar,Monahan,RUB,551087.25
86,Emmalynn,Bohler,RUB,930720.75
87,Minetta,Doby,GBP,529585.96
88,Antoinette,Puddicombe,EUR,906876.81
89,Romain,Chazelas,EUR,255908.72
90,Anjanette,Simeone,RUB,386137.17
91,Kinnie,Gussin,GBP,627647.08
92,Fritz,Rivalland,GBP,179504.71
93,Gayler,Stockney,USD,386646.56
94,Martguerita,Van Leijs,EUR,375038.13
95,Hermon,Cavill,GBP,608939.83
96,Pia,Hynam,EUR,477320.94
97,Valentia,Laborda,GBP,407383.52
98,Barris,Cudiff,USD,252355.06
99,Lori,Belchambers,GBP,605592.51
100,Carly,Rutledge,GBP,910463.11
101,Ursuline,Sybe,GBP,157098.78
102,Kipp,Wedderburn,GBP,124347.03
103,Genevieve,Gligoraci,RUB,805559.99
104,Maegan,de Almeida,RUB,20337.03
105,Shina,Tanser,RUB,428748.37
106,Hermie,Sacher,EUR,560216.58
107,Trev,Bonnier,EUR,876945.12
108,Suzanne,Warlawe,GBP,63544.53
109,Kile,Dikes,GBP,281013.71
110,Kissee,Jolliman,RUB,752946.03
111,Merrile,Deedes,GBP,639766.29
112,Maddie,Ryland,EUR,899034.39
113,Pasquale,Whittles,EUR,959918.41
114,Alfreda,Piatkowski,RUB,260149.99
115,Caroline,Charrier,EUR,905558.15
116,Josselyn,Dallon,EUR,173967.76
117,Aleda,Strafford,GBP,499240.23
118,Jeff,Peto,GBP,557234.98
119,Anne,Boothebie,RUB,500339.12
120,Damita,Long,USD,214795.6
121,Elwin,Sutheran,GBP,292891.11
122,Tony,Jennions,USD,647666.79
123,Alvinia,Phayre,GBP,630553.34
124,Kleon,Thoresbie,EUR,924277.43
125,Erv,Janaud,USD,342866.85
126,Chad,Masarrat,USD,562147.93
127,Konstance,Gercke,RUB,31694.09
128,Jeanie,Biscomb,EUR,550655.64
129,Prent,McCrostie,USD,781309.82
130,Huey,Lound,EUR,755150.76
131,Diana,Woodyer,RUB,185032.52
132,Anatole,Thumim,USD,792264.95
133,Marti,Shawyers,RUB,628216.96
134,Brianne,Dumbell,GBP,5392.16
135,Lyndsey,Dummigan,USD,350525.4
136,Jamie,Torri,EUR,208064.69
137,Benson,Castilljo,EUR,414947.45
138,Grove,Judd,GBP,327562.49
139,Danika,Phippard,RUB,660838.01
140,Anthea,Churchley,GBP,899925.79
141,Sandro,O'Sullivan,RUB,942401.59
142,Leslie,Guntrip,USD,152629.64
143,Buddie,Arpino,GBP,314093.93
144,Dal,Bracken,EUR,417971.28
145,Merilyn,Rowler,GBP,709748.09
146,Odetta,Stocks,EUR,784102.48
147,Corabella,Baggarley,EUR,369542.31
148,Lucinda,McGlew,EUR,31730.91
149,Vere,Cherry,EUR,357507.4
150,Vale,Fortin,EUR,13744.64
151,Sidney,Biscomb,GBP,282173.66
152,Zebulen,Ricardet,USD,128948.64
153,Mick,Coulthurst,EUR,719779.48
154,Addison,Stoffels,EUR,412678.16
155,Karena,Van Halen,RUB,607508.3
156,Ivor,Pylkynyton,EUR,57230.92
157,Anthony,Armytage,USD,790344.72
158,Far,Lock,GBP,181292.41
159,Ewart,Raund,RUB,738822.26
160,Henriette,Heathfield,RUB,706254.51
161,Massimo,Emmens,RUB,897367.19
162,Aveline,Libri,GBP,432598.49
163,Jesselyn,Brookes,RUB,80610.79
164,Brandais,Josefowicz,USD,334775.11
165,Welby,Dog,USD,95263.43
166,Lexie,Muldowney,USD,740173.98
167,Sebastien,Likly,EUR,442417.69
168,Randall,Mecozzi,EUR,300676.9
169,Marin,Maudlen,USD,905014.5
170,Ferdinand,Bennough,EUR,742226.96
171,Granthem,Wildash,EUR,410274.13
172,Ravid,Oats,RUB,465895.87
173,Noami,Bromont,EUR,272598.85
174,Lurlene,Beaney,USD,698397.06
175,Allen,Keelin,GBP,575651.05
176,Zebulon,Hollindale,GBP,149549.09
177,Rahel,Farres,USD,759402.47
178,Pattie,Beckingham,EUR,346724.74
179,Abra,Hammer,GBP,230352.33
180,Vanna,Newcomen,RUB,430102.23
181,Ollie,Izchaki,GBP,556264.97
182,Donalt,Manktelow,RUB,442536.3
183,Brion,Nias,GBP,931158.35
184,Wendall,Rumming,GBP,471200.69
185,Lalo,Gencke,GBP,563077.44
186,Weber,Alldread,GBP,439971.45
187,Abby,Paling,EUR,813644.32
188,Trenton,Reneke,GBP,614557.35
189,Skipp,Hallin,RUB,555904.22
190,Jennette,McGeachie,GBP,27787.63
191,Cletus,Polson,USD,901943.29
192,Leonanie,Mountford,USD,381872.01
193,Nettie,Warmisham,USD,866107.05
194,Oralle,Mulvaney,RUB,113658.54
195,Mortie,Shelvey,EUR,376862.59
196,Pietrek,Cail,EUR,32801.73
197,Reamonn,Middis,USD,100373.63
198,Blinny,Gethings,EUR,203689.65
199,Borg,Drillingcourt,RUB,710075.14
200,Reade,Marusyak,EUR,434349.06
201,Karlik,Caughte,RUB,740458.91
202,Marney,Radage,EUR,806605.88
203,Kinny,Otham,EUR,95838.11
204,Edouard,Jerok,USD,405558.7
205,Glenden,Boston,EUR,408584.67
206,Berty,Altamirano,USD,370337.63
207,Fred,Rome,RUB,658107.23
208,Carlee,Casoni,RUB,275082.06
209,Desi,Lucien,EUR,786147.04
210,Jinny,Dacre,USD,503530.71
211,Vassily,Frain,USD,504887.07
212,Anselma,Bezarra,USD,475260.96
213,Theressa,Krysiak,EUR,898449.65
214,Del,Cloy,GBP,334137.32
215,Pauly,Charkham,RUB,565566.54
216,Currie,Justis,USD,856297.23
217,Way,Gantzman,EUR,393359.92
218,Nelia,Scase,EUR,599207.09
219,Ceil,Thal,USD,332046.93
220,Emory,Kobpac,USD,131097.56
221,Krysta,Jaffa,USD,693507.76
222,Buiron,Bedow,USD,844742.97
223,Jarret,Willey,RUB,578352.46
224,Pat,Bowden,GBP,309932.71
225,Noble,Dasent,RUB,43514.16
226,Carole,Pickthorn,EUR,133060.15
227,Teodorico,Joynson,GBP,554657.73
228,Deanne,Chevolleau,USD,194479.74
229,Bel,Corlett,USD,516837.98
230,Pincus,Menilove,GBP,362804.26
231,Eliot,Topp,GBP,317136.96
232,Lane,Bennen,GBP,928957.09
233,Stacy,Sparkes,GBP,504531.11
234,Lutero,Rochford,GBP,822490.66
235,Conroy,Feldberg,USD,282569.93
236,Violette,Peepall,RUB,735191.27
237,Romona,Pummery,GBP,769970.57
238,Rutter,BoHlingolsen,GBP,305442.81
239,Madlen,Tapin,RUB,870267.26
240,Hobie,Melin,USD,817561.79
241,Quillan,Spalls,GBP,329162.2
242,Indira,Whyborn,EUR,172098.94
243,Nita,Smetoun,EUR,682839.77
244,Lianna,Vanyarkin,GBP,99278.34
245,Anya,Grimsdell,RUB,736771.43
246,Kara,Cloutt,RUB,130839.01
247,Derrek,Champ,GBP,92168.1
248,Alvira,McLise,USD,545577.45
249,Ardra,Biscomb,EUR,929576.15
250,Dwayne,Couch,RUB,428744.55
251,Giulio,Cessford,USD,61227.86
252,Lewes,Steggles,GBP,288584.37
253,Celie,Neubigin,RUB,708732.51
254,Artur,Febre,GBP,281968.62
255,Cara,Danskine,RUB,861926.21
256,Goldarina,Jirek,USD,593359.74
257,Asia,Moreby,EUR,87591.01
258,Midge,Pople,RUB,764197.38
259,Irma,Gilcriest,GBP,253443.97
260,Yasmin,Suttill,USD,58510.49
261,Hedvige,Durtnel,EUR,431681.04
262,Marianna,Benettelli,RUB,311453.42
263,Evan,Patry,GBP,894845.34
264,Antonina,Meltetal,GBP,900924.87
265,Hogan,Jansie,RUB,88395.45
266,Raychel,Telfer,USD,887103.99
267,Dagny,Tippetts,USD,872041.83
268,Darcie,Borsnall,EUR,945254.9
269,Meggi,Noseworthy,USD,883508.6
270,Loy,Tesimon,RUB,67541.65
271,Elwin,Tibald,GBP,795172.83
272,Tyne,Reely,RUB,664168.37
273,Gael,Blaik,RUB,58728.46
274,Laurent,Saward,GBP,14515.24
275,Forbes,Gergher,RUB,16811.62
276,Peg,Macken,EUR,641277.26
277,Odie,Madgwich,RUB,250285.65
278,Zacharie,Markson,RUB,97445.86
279,Letizia,Tran,RUB,525180.27
280,Kalindi,Kemer,EUR,439485.39
281,Amble,Mullins,GBP,403227.59
282,Etta,Menpes,EUR,40328.07
283,Flinn,Dingwall,USD,953194.83
284,Francene,Babbage,EUR,670003.34
285,Eldredge,Coldridge,EUR,625762.56
286,Darren,Winckworth,RUB,904198.06
287,Arther,Seif,GBP,851135.19
288,Georgia,Hamshar,USD,168012.39
289,Hermy,Trevaskus,GBP,518642.39
290,Andy,Glenton,GBP,178331.35
291,Adair,Mitchely,GBP,435624.65
292,Shellie,Ridges,USD,916640.99
293,Dorolice,Tille,RUB,564816.54
294,Elvera,Stripling,USD,76231.78
295,Caron,Konneke,RUB,168621.24
296,Tamas,Rodgman,EUR,291799.97
297,Mia,McInteer,RUB,453837.06
298,Kate,Huzzey,USD,133070.02
299,Kalvin,Chastan,USD,76093.0
300,Webb,Perotti,EUR,950921.43
301,Ezequiel,Iltchev,USD,167954.82
302,Langsdon,Meates,EUR,610574.76
303,Briney,Sinson,EUR,778495.46
304,Hazel,Levick,GBP,738463.2
305,Junie,Lemmers,RUB,475371.72
306,Humbert,Anthill,EUR,280630.03
307,Rodger,Sartin,USD,411603.4
308,Horacio,Leworthy,USD,996035.6
309,Gabriellia,Minihan,GBP,379898.73
310,Zena,Thumim,RUB,961732.54
311,Arly,Janway,USD,186570.76
312,Ransell,Drabble,GBP,469988.42
313,Benton,Dismore,RUB,521668.16
314,Jandy,Elsay,EUR,628199.58
315,Cosme,Alp,USD,131812.98
316,Read,Ivashechkin,EUR,755670.48
317,Panchito,Chaff,GBP,334961.51
318,Rhys,Velez,USD,268173.16
319,Golda,Rieme,GBP,196697.03
320,Dasha,Winders,GBP,517664.45
321,Becky,Wordesworth,RUB,616492.35
322,Heidie,Stuck,RUB,793703.99
323,Hercule,Oats,GBP,81950.72
324,Marinna,Matijevic,USD,491734.84
325,Melloney,Kadar,GBP,839858.23
326,Lennie,Armatidge,USD,454855.35
327,Sylvia,Drivers,USD,580733.19
328,Patrice,Matveichev,EUR,300246.04
329,Hadlee,Zukerman,GBP,650171.65
330,Gilemette,Rochford,RUB,338923.18
331,Vita,Fortune,USD,523370.09
332,Lynna,Petr,GBP,948482.89
333,Lane,MacLennan,EUR,736476.85
334,Elfrieda,MacCartan,EUR,373870.53
335,Karolina,McOrkil,USD,745327.61
336,Marsh,Dayne,EUR,482570.19
337,Mohandas,Deam,GBP,79861.3
338,Wally,McClintock,GBP,733353.06
339,Rolland,Blackston,USD,79363.65
340,Agosto,Klesl,RUB,72355.65
341,Ingemar,Andreoletti,GBP,463430.9
342,Darren,Di Biasi,GBP,477820.47
343,Roth,Scrimshaw,GBP,195389.77
344,Rudyard,Raikes,GBP,374067.98
345,Brandise,O'Mannion,RUB,868590.83
346,Edward,Axon,USD,180467.62
347,Millie,Harome,RUB,731045.11
348,Caitlin,Sutter,USD,992604.76
349,Maxim,Langelay,GBP,574055.38
350,Sonny,Bierton,EUR,579950.6
351,Florrie,Vasyunin,USD,221305.03
352,Ardelis,Rappa,GBP,662377.92
353,Port,D'Ruel,GBP,776773.89
354,Ryan,Meredyth,EUR,345053.7
355,Oralla,Schops,EUR,588116.84
356,Harper,Valenti,RUB,460629.88
357,Michaela,Impy,RUB,896864.12
358,Bryn,Shimman,GBP,745838.76
359,Lorianne,Wemes,EUR,442141.74
360,Kissee,Gelland,RUB,653125.94
361,Malcolm,Boller,USD,488312.67
362,Jerrilee,Dalgardno,GBP,777307.05
363,Meara,Slafford,RUB,227065.82
364,Bridie,Woodfin,RUB,782040.0
365,Goraud,Gaisford,EUR,817867.74
366,Nelie,O' Quirk,GBP,843333.67
367,Julie,Franchi,EUR,890732.47
368,Erhard,de Najera,RUB,839427.37
369,Delaney,Pawels,EUR,536208.72
370,Allistir,Gyorffy,EUR,901350.72
371,Eleni,Acaster,USD,915426.52
372,Linette,Olivier,USD,981374.12
373,Debbi,MacKaile,EUR,824629.54
374,Aubry,Mannion,USD,601596.29
375,Carin,Machan,EUR,694432.62
376,Alley,Connold,RUB,611421.04
377,Ingeberg,Sheddan,RUB,292146.91
378,Hynda,Comport,RUB,697644.06
379,Hamid,Sancto,RUB,836560.81
380,Alvin,Tapin,USD,261544.59
381,Shea,Van Vuuren,USD,182895.34
382,Sallie,Pycock,USD,65606.91
383,Joly,Ricardet,GBP,351809.48
384,Stanislaw,Wenderoth,GBP,904145.97
385,Elisabeth,Hooban,USD,867412.94
386,Toddy,Hornig,GBP,637166.69
387,Fred,Govey,RUB,593181.18
388,Kittie,Emburey,USD,990532.5
389,Charmaine,Betke,GBP,172672.32
390,Tanitansy,Harkin,RUB,122959.87
391,Killie,Godfrey,RUB,304182.22
392,Allx,Fortoun,USD,121113.85
393,Garik,Veelers,GBP,634250.9
394,Harwell,Jecks,RUB,358074.85
395,Nathalie,Stockall,RUB,186593.56
396,Bekki,Risbridge,USD,826194.34
397,Stephani,Gosz,GBP,904136.1
398,Rinaldo,Rochell,RUB,320992.18
399,Liuka,Wynrehame,GBP,287904.73
400,Bettye,Hannen,RUB,633510.53
401,Shellysheldon,Najara,GBP,224433.06
402,Townsend,Petracco,USD,168662.89
403,Hollis,Merington,EUR,629188.35
404,Marty,Giaomozzo,GBP,310667.86
405,Ariela,Jori,GBP,463386.13
406,Catha,Lovell,RUB,906578.67
407,Lorne,Sainsbury-Brown,RUB,284104.88
408,Darcy,Paulusch,GBP,851741.85
409,Merrilee,Bawme,EUR,407254.97
410,Alasteir,Andover,RUB,174190.56
411,Hyacinthie,Bydaway,EUR,680840.56
412,Mata,Catterson,GBP,833526.39
413,Ursa,Tireman,USD,772242.18
414,Xaviera,de la Valette Parisot,RUB,688500.17
415,Kennan,Ivankovic,RUB,360162.23
416,Dorisa,Gascard,USD,534348.13
417,Leta,Crisp,EUR,308664.49
418,Sallee,Hyde-Chambers,RUB,144824.69
419,Millard,Steer,EUR,475087.14
420,Trudi,Borley,GBP,573959.79
421,Dorie,Flemmich,USD,227544.93
422,Alford,Tassaker,RUB,718397.64
423,Leodora,Pocknoll,RUB,687730.59
424,Danita,Hassekl,RUB,491375.49
425,Judas,Bloys,USD,740189.23
426,Rochelle,Pollack,RUB,147030.75
427,Georgiana,Byk,RUB,684162.49
428,Dorian,Pavie,RUB,801596.65
429,Torry,Arndell,USD,459338.61
430,Cherise,Measor,EUR,867760.88
431,Verla,Stoppe,EUR,578550.15
432,Nettle,Howden,RUB,749300.43
433,Kaila,Mustoe,GBP,720797.92
434,Marys,Kemer,GBP,423598.45
435,Amanda,Ioan,USD,930499.33
436,Ulises,Lowless,GBP,827669.3
437,Reece,Dobbing,RUB,757015.18
438,Gaylor,Gilstoun,GBP,453569.75
439,Buckie,Burbury,GBP,463243.67
440,Corrinne,Pittock,EUR,931719.26
441,Ashby,Chesterman,GBP,421577.81
442,Mora,Bayston,EUR,320403.47
443,Akim,Ricardo,GBP,719873.88
444,Raoul,Gorghetto,RUB,796356.45
445,Raphael,Lilywhite,USD,683475.69
446,Maitilde,Shiel,GBP,830574.88
447,Meridith,Hearnden,RUB,123607.87
448,Hanny,Rowling,RUB,501985.49
449,Kerwin,Richmont,USD,915842.5
450,Sam,Abramamovh,RUB,691163.79
451,Ezmeralda,Pitway,RUB,663018.81
452,Yankee,Guillet,RUB,375080.74
453,Wilhelm,Cocci,RUB,505923.3
454,Efrem,Bartoloma,EUR,156599.13
455,Hart,Egalton,RUB,784008.29
456,Wye,O'Mailey,USD,25595.12
457,Eddie,Mulbery,RUB,9440.24
458,Lisa,Casacchia,RUB,791193.85
459,Steward,Fitzgerald,USD,496529.96
460,Judas,Sickert,USD,926262.08
461,Kippie,Roantree,EUR,717490.88
462,Laurel,Polfer,RUB,55799.32
463,Menard,Ransom,USD,370004.05
464,Gay,Bonny,GBP,135064.32
465,Kirstin,Peters,USD,514164.51
466,George,Frow,RUB,288265.07
467,Gilligan,Siccombe,GBP,782043.82
468,Rice,Vondracek,GBP,259352.69
469,Keith,Ferro,EUR,696260.49
470,Kurtis,Partener,EUR,283254.06
471,Karl,Tendahl,RUB,254956.94
472,Monte,Wansbury,RUB,346662.75
473,Hayes,Glazier,RUB,251516.96
474,Zarla,Pritty,USD,189401.64
475,Gino,Leathlay,EUR,212817.08
476,Kippar,O'Hare,RUB,913177.64
477,Neille,O'Hartnett,RUB,431799.18
478,Rochette,Charge,USD,577969.64
479,Jo ann,Tomaszkiewicz,USD,1609.06
480,Karita,Mixter,USD,266808.66
481,Marice,De Hailes,EUR,801704.45
482,Edlin,Turton,USD,641356.29
483,Lind,Tinston,GBP,522001.75
484,Piggy,Harnor,USD,317712.55
485,Shana,Wilcox,EUR,58027.37
486,Sigismundo,Fallen,RUB,792706.44
487,Ruddy,Feldmesser,GBP,78173.36
488,Joleen,Ream,USD,847777.75
489,Gabriela,Standon,GBP,587079.73
490,Kelcie,Ransfield,GBP,127561.3
491,Rozele,Nilles,USD,720131.15
492,Garnette,Ousbie,RUB,20934.16
493,Kylynn,Remer,GBP,33100.87
494,Minerva,Behrens,RUB,48775.18
495,Ambros,Jolly,EUR,112534.84
496,Cross,Pauluzzi,RUB,670381.34
497,Gregg,Bartolijn,GBP,797226.51
498,Tisha,Sydes,EUR,149614.02
499,Amy,Saladin,USD,980082.1
500,Dita,Isakovitch,GBP,54551.79
501,Peterus,Sanchis,GBP,100783.79
502,Emmott,Stow,GBP,807070.71
503,Kylynn,Vedishchev,RUB,360501.97
504,Johan,Powe,EUR,420450.07
505,Elga,Lars,RUB,431655.26
506,Antoine,Poff,USD,305442.26
507,Erinn,Foucard,USD,94744.04
508,Gardner,Baldini,RUB,430884.35
509,Arabele,Stoyles,USD,103956.44
510,Zsa zsa,Wolffers,USD,210781.9
511,Sarette,Ramlot,GBP,556758.85
512,Linn,Hudd,USD,921713.24
513,Merrili,Petz,RUB,839942.94
514,Goldia,Stoller,EUR,430140.53
515,Judith,Topham,GBP,224027.13
516,Jorry,Thirtle,USD,421433.67
517,Cami,Eckersall,GBP,835345.42
518,Wilmer,Boynton,EUR,774540.61
519,Cathie,Handy,GBP,363728.25
520,Byram,Brodeau,EUR,523050.88
521,Pernell,Lamasna,USD,88618.06
522,Therese,Blewis,GBP,891137.48
523,Maurizio,Earngy,RUB,664902.37
524,Raoul,Beaulieu,GBP,184205.98
525,Hobey,Pascoe,USD,849541.81
526,Josh,Corselles,USD,241233.3
527,Wendell,Briereton,RUB,10972.52
528,Trixy,Babbe,GBP,333002.99
529,Rutter,Possa,USD,620589.36
530,Babette,Kas,GBP,857105.16
531,Chevalier,Hooban,RUB,272466.98
532,Chadwick,Newton,USD,639062.86
533,Luciana,Loughhead,RUB,783558.98
534,Doris,Ferrao,RUB,917892.62
535,Kip,Lomath,USD,688549.26
536,Alicia,Akram,RUB,828638.45
537,Tan,Astill,EUR,883693.1
538,Keefe,Melarkey,USD,969074.08
539,Billye,Gaveltone,USD,796587.27
540,Daniel,Founds,USD,551405.4
541,Lotta,Livezey,EUR,699156.07
542,Denver,Le Sieur,GBP,223393.17
543,Codie,Vane,RUB,786879.71
544,Lauralee,Berks,EUR,516606.38
545,Diannne,Tabourel,RUB,247085.41
546,Ozzie,Leahair,GBP,516287.63
547,Janeta,Cromar,EUR,34883.7
548,Wilhelm,Kettridge,GBP,801043.36
549,Willie,Gurys,EUR,696701.72
550,Peggie,Eagling,EUR,701950.64
551,Steffi,Treher,USD,635785.11
552,Cherlyn,Draxford,USD,193772.77
553,Caitlin,Loude,GBP,577607.85
554,Wynn,Rennebach,RUB,199979.2
555,Cosme,Kennett,USD,287132.72
556,Reeva,Buttel,RUB,228777.06
557,Jeni,Hawler,RUB,430555.07
558,Elisabet,Cawdell,EUR,906758.83
559,Fionna,Junkin,EUR,88233.73
560,Maribeth,Kahane,USD,674619.83
561,Drusie,Sumbler,GBP,803347.16
562,Debra,McNern,USD,871206.31
563,Zane,Wilsey,USD,659673.96
564,Odella,Stemp,RUB,782443.87
565,Gal,Wicklin,RUB,754156.29
566,Larissa,Gauntlett,EUR,532017.28
567,Mair,MacAlister,RUB,896146.47
568,Randee,Whitecross,USD,459036.65
569,Ambrosi,Edmenson,USD,507083.5
570,Meir,Hallam,USD,211290.96
571,Sophie,Crother,USD,79183.47
572,Evangelina,Perris,USD,85538.79
573,Marlo,O'Neal,USD,696165.35
574,Robin,Calow,RUB,382134.54
575,Jacenta,Woolward,RUB,376103.26
576,Hastings,Silmon,RUB,858634.1
577,Stoddard,Antill,USD,859970.76
578,Sheelah,Mastrantone,RUB,960157.72
579,Salaidh,Faveryear,USD,533548.55
580,Anthia,Capun,GBP,782749.34
581,Ana,Keijser,EUR,989181.65
582,Boyce,Patington,GBP,150692.07
583,Janice,Aveling,GBP,612510.32
584,Galvan,Gapp,RUB,636187.71
585,Leia,Mayler,USD,620647.69
586,Meridel,Piggot,USD,720953.05
587,Marybelle,Weigh,RUB,927224.72
588,Rustin,Christiensen,EUR,244223.97
589,Jaclin,Pepi,GBP,51995.5
590,Onofredo,Dood,EUR,821669.52
591,Blane,Stratton,EUR,879817.54
592,Benedikta,Nijs,RUB,152593.09
593,Hanna,Kilner,RUB,922766.47
594,Leshia,Stollenbecker,EUR,451206.31
595,Nicoline,Du Pre,RUB,841951.62
596,Averyl,Sharply,USD,922709.35
597,Wilfrid,Iorio,EUR,337208.79
598,Alexine,Rousel,RUB,419912.92
599,Lalo,Hardiker,RUB,12146.67
600,Caritta,Cornilli,USD,608242.08
601,Inglebert,Collcott,GBP,740571.53
602,Earvin,Willshear,GBP,243332.31
603,Mercedes,Camoys,GBP,399791.84
604,Dulcinea,Pulley,USD,447786.33
605,Carlos,Barthelet,RUB,400988.43
606,Jaquenetta,Sewill,GBP,890710.77
607,Kyrstin,Le Barr,USD,207215.19
608,Maiga,Pirolini,RUB,769028.69
609,Chandra,Lapthorne,EUR,148447.44
610,Lorant,Aikett,GBP,298784.9
611,Paulo,Landall,EUR,429016.23
612,Kinna,Ormesher,USD,102150.86
613,Immanuel,Upstone,USD,900720.27
614,Darryl,McKeggie,USD,150785.8
615,Rosemaria,Clemmett,GBP,105948.13
616,Devin,Boutflour,GBP,887602.98
617,Tracey,Barrowclough,EUR,203828.5
618,Rick,Agney,RUB,782171.35
619,Dunstan,Canning,USD,35574.88
620,Channa,Nestoruk,EUR,14136.28
621,Amery,Raynes,EUR,979830.92
622,Hal,Gilks,USD,207646.27
623,Mikey,Shackleford,GBP,608044.55
624,Giffer,Wollers,EUR,753346.66
625,Mollie,Burgise,EUR,330840.91
626,Kynthia,Broadbury,USD,355586.32
627,Ayn,Killingworth,EUR,310040.49
628,Leroy,Sandle,RUB,587978.26
629,Wenona,Lemmen,GBP,941116.6
630,Lydia,Chadd,EUR,620593.17
631,Saw,Speares,GBP,692510.49
632,Nero,Anderson,USD,779369.47
633,Jane,Hebblewhite,GBP,961285.94
634,Kiersten,Andrick,GBP,527615.63
635,Corrie,Cabrera,USD,162831.9
636,Pietrek,Boram,EUR,968679.58
637,Nefen,Neenan,RUB,202533.7
638,Kenon,Elener,EUR,763294.44
639,Keary,Whitmell,EUR,590977.63
640,Yorke,Thring,USD,24848.58
641,Kerry,McClymond,USD,247495.92
642,Myrna,Gaggen,USD,946881.42
643,Sutherlan,Gertray,GBP,394695.31
644,Peterus,McMichael,RUB,156753.32
645,Ruprecht,Ranner,GBP,471547.64
646,Katuscha,Canas,EUR,82822.04
647,Breanne,Escudier,GBP,657394.58
648,Obed,Dalgarnowch,USD,73851.03
649,Isobel,Leaton,GBP,3993.28
650,Rosalind,Preist,GBP,904684.92
651,Tam,Boyce,RUB,648565.23
652,Annadiane,Doig,USD,848046.9
653,Ilaire,Smittoune,GBP,334514.83
654,Artemus,Forbear,RUB,450825.18
655,Meyer,Myhan,GBP,781067.98
656,Stafford,Manass,USD,226567.22
657,Doralyn,Etoile,RUB,316599.07
658,Milissent,Dilliway,GBP,640487.27
659,Cynthea,Boldry,EUR,601967.68
660,Cris,Reggiani,USD,487072.92
661,Freda,Westgarth,GBP,135661.99
662,Jyoti,Monery,GBP,654475.4
663,Marla,Lourens,USD,62775.22
664,Huntington,Westhofer,GBP,814544.17
665,Maggie,Benion,GBP,344148.67
666,Elise,Ilbert,RUB,713534.88
667,Teri,Leggitt,USD,941656.72
668,Rockie,M'Chirrie,EUR,319848.29
669,Aeriel,Enriquez,USD,435059.99
670,Edgardo,Tomaselli,GBP,821464.84
671,Camellia,Janjusevic,RUB,944298.79
672,Essy,Devereu,USD,595122.91
673,Gertie,Warlock,USD,131477.72
674,Verney,Scrafton,RUB,854930.56
675,Yorgo,Norgan,RUB,972550.16
676,Waverley,Bresland,EUR,570886.05
677,Dael,Oloshkin,EUR,153130.64
678,Ellis,Dominy,GBP,243080.91
679,Davita,Raitt,GBP,48141.79
680,Claudianus,Gierck,RUB,825895.75
681,Wood,Klimpke,RUB,451004.39
682,Anatole,Edland,RUB,196359.06
683,Don,Goodright,EUR,101831.67
684,Napoleon,Tice,RUB,883734.9
685,Lauree,Sirey,RUB,351235.02
686,Andee,Schumacher,USD,544712.19
687,Mair,Benford,USD,705908.85
688,Adelaida,Portinari,EUR,231385.97
689,Theo,Scouller,GBP,724727.28
690,Bryon,Vicar,RUB,792119.41
691,Frannie,Pedwell,USD,704520.27
692,Maurine,Burtwistle,EUR,426763.35
693,Courtnay,McLaverty,USD,193647.59
694,Arden,Dunkerk,USD,633235.5
695,Buckie,Lehrahan,USD,418158.29
696,Monica,Van,USD,183508.83
697,Anica,Yoell,RUB,639551.7
698,Juieta,Barfield,GBP,500654.28
699,Darby,Pedder,RUB,128308.28
700,Harper,Canfer,RUB,681856.26
701,Devonne,Fewings,EUR,221639.36
702,Sonnnie,Gathwaite,RUB,984610.16
703,Glad,Frape,GBP,149672.85
704,Dicky,Starte,GBP,520984.58
705,Lorna,Colthurst,USD,517845.49
706,Leonora,Hefford,RUB,704738.97
707,Halley,McCullum,GBP,532876.48
708,Conn,Casement,GBP,684209.8
709,Dulci,Eade,RUB,931209.52
710,Christy,O'Loghlen,USD,855662.34
711,Benn,Sterricks,GBP,679118.4
712,Kerianne,McGavigan,RUB,291423.55
713,Glyn,Checcuzzi,USD,728692.04
714,Courtenay,Klimkin,GBP,115366.67
715,Dawn,Townson,GBP,980538.31
716,Reena,Abrahm,USD,252265.49
717,Patten,Scading,RUB,825105.58
718,Ashla,Sirkett,GBP,525396.01
719,Jo-ann,Siverns,EUR,309365.97
720,Darda,Leband,EUR,401661.49
721,Tabb,Snalum,EUR,407169.13
722,Bertie,Balasini,GBP,289916.8
723,Brett,Melland,EUR,913176.22
724,Warner,Fudge,USD,32072.76
725,Ethe,Schimmang,RUB,538851.6
726,Angelica,Nelthrop,EUR,248910.53
727,Janene,Goodlake,USD,600332.95
728,Tully,Bartod,EUR,371437.97
729,Isidor,Thunder,EUR,48893.45
730,Terrence,Mitchener,RUB,446263.5
731,Barth,Fidler,EUR,49565.86
732,Collie,Mowson,USD,578272.81
733,Barbee,Letrange,EUR,609249.11
734,Raleigh,Jerrams,EUR,57623.27
735,Dave,McKeowon,GBP,714.14
736,Augusto,Euels,RUB,880292.28
737,Elsa,Ambresin,GBP,483828.47
738,Kerrin,McRonald,RUB,107067.41
739,Pasquale,Warbrick,USD,99229.45
740,Netti,Hardwidge,RUB,293255.2
741,Christoph,Seeler,RUB,739068.92
742,Albina,Kissell,GBP,102411.95
743,Anitra,Yarnell,RUB,2161.55
744,Elmira,Denidge,RUB,473222.64
745,Willa,Mackiewicz,GBP,711278.35
746,Corrine,Giaomozzo,EUR,186669.96
747,Essy,Lambrook,EUR,68924.46
748,Florence,Tombleson,USD,410094.07
749,Gabrielle,McTrustram,GBP,962363.8
750,Hadria,Gioani,EUR,248471.65
751,Janean,Mulholland,GBP,615662.51
752,Glenine,Skowcraft,RUB,383669.48
753,Philomena,McLoughlin,EUR,998324.13
754,Alicia,Leglise,EUR,224067.09
755,Oneida,Dran,EUR,547452.41
756,Violette,Parriss,RUB,323374.51
757,Anjela,Carayol,RUB,975326.6
758,Poppy,Towey,RUB,525732.19
759,Whitney,Hamprecht,USD,156283.01
760,Shirlene,Arguile,EUR,700485.1
761,Modesta,Dunleavy,USD,917383.59
762,Ali,McGiven,EUR,983206.43
763,Stavro,Colnet,GBP,661840.19
764,Trish,Beadman,EUR,378497.38
765,Sonnie,Shaughnessy,USD,509037.43
766,Alida,Chipperfield,EUR,675693.74
767,Bone,Baguley,RUB,720385.65
768,Darda,Headan,GBP,809946.99
769,Dallis,Lowdeane,USD,940398.98
770,Ivie,Birchall,USD,109393.73
771,Saunderson,Hullot,RUB,72859.85
772,Patrizia,Doctor,EUR,410667.77
773,Sileas,Ronchka,RUB,261037.33
774,Casie,Larby,USD,921908.14
775,Jacob,Coller,RUB,717209.91
776,Zebedee,Burleton,EUR,593984.58
777,Anatollo,Kinkead,EUR,597119.81
778,Tybi,Admans,GBP,236842.53
779,Jeniffer,Clemmen,EUR,64477.05
780,Vivian,Ayto,USD,631329.99
781,Seamus,Wormstone,GBP,922837.61
782,Barbara-anne,Catlette,EUR,167310.35
783,Bern,Petrollo,USD,132579.57
784,Sharlene,De Ruggiero,GBP,306990.53
785,Loralee,Southworth,GBP,874679.33
786,Ernaline,Lownie,GBP,554365.07
787,Fergus,Lanfranconi,GBP,442776.36
788,Fernanda,Leagas,EUR,512370.95
789,Verena,Scothern,USD,207019.63
790,Susanne,Kubec,GBP,501464.93
791,Gran,Izakovitz,RUB,49305.16
792,Yanaton,Bosworth,EUR,938103.72
793,Cristian,Gumbley,RUB,449231.92
794,Darrelle,Stanfield,USD,728355.02
795,Rebekkah,Feathers,GBP,966583.23
796,Madelon,Blackall,RUB,222255.01
797,Rhea,Duckerin,GBP,553942.97
798,Harriette,Rogeon,EUR,301442.56
799,Lek,Selkirk,USD,528456.99
800,Blondell,Macconachy,USD,728990.78
801,Sybila,Dumsday,USD,366453.24
802,Elenore,Ismay,GBP,205525.44
803,Delphinia,Makiver,EUR,959614.13
804,Dawn,Tapper,EUR,59623.43
805,Clair,Bridgwood,RUB,183288.95
806,Hettie,Harbottle,USD,864888.22
807,Grantham,Leggan,GBP,791348.62
808,Adriano,Keningley,EUR,902016.7
809,Neilla,Mendus,USD,797952.7
810,Bobbi,Colomb,EUR,908801.66
811,Brigida,Shevelin,RUB,429234.97
812,Horton,Hale,EUR,109954.24
813,Wilhelm,Raffon,RUB,374401.82
814,Fabien,Muscott,USD,606261.76
815,Cassondra,Rigts,EUR,48792.29
816,Anton,Skeats,EUR,534847.57
817,Joye,Scheffler,GBP,921626.47
818,Nathanael,Petronis,USD,355628.23
819,Harlan,Griffin,EUR,942082.87
820,Avis,Rivitt,EUR,28861.57
821,Haley,Willwood,GBP,950441.5
822,Bail,Antonoczyk,GBP,147223.77
823,Ursa,Waison,RUB,732685.15
824,Luce,Brastead,GBP,341289.22
825,Kaiser,Champneys,EUR,414033.12
826,Erek,Opdenorth,RUB,957201.28
827,Farr,Daverin,EUR,451026.6
828,Sutton,Manes,GBP,125347.94
829,Fritz,Dullard,GBP,226841.94
830,Cookie,Kyrkeman,GBP,550336.07
831,Doroteya,Waryk,EUR,374997.89
832,Winslow,Mundall,USD,574231.3
833,Joly,Scaddon,RUB,616338.67
834,Elfrieda,McGinnis,RUB,757697.65
835,Mia,Cettell,EUR,732496.03
836,Tanney,Tregidga,USD,441010.54
837,Laughton,Sibbet,USD,967205.16
838,Codi,Fursse,RUB,7649.7
839,Fernanda,Drugan,USD,408854.3
840,Craggy,Cathrae,USD,467199.65
841,Melantha,Maskelyne,RUB,492420.7
842,Amie,Curme,RUB,112561.67
843,Lizzy,Digweed,EUR,886710.98
844,Adriena,Praten,USD,836279.41
845,Katleen,Killshaw,USD,351456.42
846,Gerladina,Cherrington,USD,609010.63
847,Suzie,Macenzy,USD,159551.23
848,Lila,Langthorn,EUR,799391.92
849,Arnaldo,Houlton,GBP,988747.69
850,Blanca,Jacklings,USD,708020.67
851,Cedric,Gounod,EUR,664224.02
852,Ben,Scutcheon,EUR,763131.74
853,Sullivan,Simeonov,USD,666560.66
854,Artair,Marl,EUR,346142.05
855,Hinze,Standfield,GBP,18069.3
856,Chip,Jacqueminet,GBP,876040.24
857,Tammi,Greenalf,EUR,342393.62
858,Georgeanne,Chaucer,EUR,495677.86
859,Sammy,Siddon,EUR,851469.88
860,David,Jenno,EUR,745090.68
861,Ernst,Juszczak,EUR,420232.81
862,Caterina,Almeida,EUR,725240.67
863,Viva,Chiles,RUB,965774.5
864,Daffie,Reuter,EUR,273678.39
865,Flory,Gore,EUR,65388.57
866,Catherina,Samett,EUR,473573.8
867,Karlik,Sybry,EUR,106195.68
868,Samantha,Olley,GBP,109894.28
869,Edmon,Clappison,GBP,191027.51
870,Jillian,Maxwaile,GBP,340450.32
871,Noelani,Izhakov,GBP,651407.08
872,Joshuah,Corcut,GBP,89835.14
873,Evangelin,Leon,GBP,41255.52
874,Franzen,Pasmore,GBP,668116.37
875,Humfrid,Fowley,USD,489488.32
876,Ailey,Leese,GBP,308826.32
877,Averell,Jozefiak,USD,54468.63
878,Luigi,Osinin,USD,967462.68
879,Hunt,Collis,GBP,535294.08
880,Becki,Wikey,RUB,49258.96
881,Onfroi,Snalom,RUB,112408.57
882,Patrick,Demanche,EUR,844809.44
883,Ariela,Pelzer,RUB,157412.57
884,Fredia,Nafziger,EUR,512258.55
885,Gayelord,Pieroni,GBP,169185.25
886,Darlleen,Beresford,RUB,64615.76
887,Godard,Simoens,GBP,76017.88
888,Guinna,Dicks,GBP,82623.81
889,Zared,Boylund,RUB,338037.65
890,Dore,Rowson,EUR,69383.99
891,Fallon,Torbard,USD,189420.45
892,Tonye,Flexman,EUR,836238.02
893,Ludwig,Grigorian,RUB,367224.06
894,Liva,Lyes,RUB,40771.98
895,Lyon,Riatt,GBP,577404.25
896,Cord,Ughini,EUR,411739.4
897,Fina,Fontenot,RUB,665425.15
898,Harley,Cutten,USD,182876.34
899,Vanda,Crutchley,USD,373124.37
900,Tucky,Clarson,GBP,33479.86
901,Elwood,Plinck,GBP,469036.91
902,Thadeus,Poyner,EUR,671980.9
903,Abbey,Benford,EUR,759667.78
904,Lizzy,Winser,RUB,141276.3
905,Alta,Garmey,EUR,796297.88
906,Robinett,Longstreeth,USD,703327.49
907,Guillemette,Klimes,GBP,427512.56
908,Lance,McMonies,RUB,268132.18
909,Koenraad,Peeke,GBP,759387.32
910,Livy,Whytock,EUR,616688.0
911,Anabel,Zannetti,USD,897564.35
912,Gretal,Toller,USD,698931.8
913,Petra,Chasteau,GBP,302995.7
914,Madalena,Grzes,USD,533020.56
915,Constancia,Levison,EUR,526742.83
916,Stevena,Jennens,RUB,65288.22
917,Adelaide,Bloxholm,RUB,548445.18
918,Jarvis,Markwick,EUR,968514.18
919,Temp,Moles,RUB,215019.54
920,Brigid,Connors,GBP,787171.94
921,Lyman,Crisall,EUR,986458.37
922,Tabby,Nevett,USD,339664.19
923,Frayda,Bearne,USD,63769.32
924,Gilbertina,Shafier,RUB,264592.07
925,Danella,Semmence,RUB,15039.68
926,Alec,Josh,USD,329037.02
927,Chadwick,Honig,GBP,487647.64
928,Margarette,Kilmister,RUB,453016.52
929,Portie,Hindhaugh,RUB,260813.82
930,Judd,Daffern,RUB,274656.82
931,Vasilis,Campanelli,USD,244345.98
932,Rivkah,Meeron,EUR,828849.43
933,Bent,Wurst,USD,693858.4
934,Bunnie,Pilkington,RUB,815031.36
935,Reagan,Gammage,RUB,808909.29
936,Renelle,Lowthorpe,RUB,510689.62
937,Gray,Grimditch,GBP,312973.43
938,Jackelyn,Pirri,EUR,368011.83
939,Bondon,Athowe,EUR,39222.54
940,Gabie,Trow,RUB,237608.48
941,Zach,Arbuckle,USD,102006.93
942,Amalie,Torbett,GBP,287251.23
943,Gael,Squelch,RUB,285116.33
944,Myrtie,Alfonsetto,EUR,530868.34
945,Samson,Allman,GBP,311497.46
946,Gwyneth,Agar,GBP,503675.9
947,Lynette,Paintain,RUB,22914.72
948,Eileen,Dulson,EUR,128425.11
949,Desirae,Gaskin,RUB,64107.22
950,Dominica,Plascott,RUB,739865.01
951,Laurella,Quinevan,EUR,138359.17
952,Sherri,Partkya,RUB,657272.46
953,Willetta,Lefeuvre,EUR,510057.37
954,Sawyer,Abelevitz,GBP,461952.38
955,Ellary,Marham,USD,124370.95
956,Sterling,Schelle,USD,837068.72
957,Wilbert,Lampert,RUB,161931.66
958,Phedra,Duxbarry,EUR,296604.14
959,Gayle,Plumm,EUR,104019.5
960,Gare,Tregea,GBP,570248.54
961,Bobette,Olland,GBP,657825.67
962,Prudence,Vuitte,EUR,405056.51
963,Otha,Grebner,RUB,104501.45
964,Celina,Pember,RUB,374459.94
965,Alfreda,Bloss,RUB,188209.56
966,Bancroft,Gensavage,GBP,566196.61
967,Hartwell,Swainger,RUB,991094.87
968,Jacky,Pitkaithly,EUR,299570.72
969,Lyndsie,Chmiel,RUB,836285.2
970,Toby,Gothrup,USD,966662.43
971,Diena,Lesek,GBP,795057.25
972,Gibby,Durtnall,USD,956971.82
973,Ciro,Jenicek,USD,187091.56
974,Abigale,Moscon,GBP,137245.1
975,Brena,Game,GBP,426758.01
976,Mavra,Prosh,USD,870978.26
977,Darline,Burfoot,RUB,961061.87
978,Cassie,Ramm,RUB,529312.83
979,Norrie,Skupinski,GBP,915834.31
980,Doe,McMeekan,USD,672225.3
981,Aurthur,Attard,USD,797252.66
982,Vita,Laval,EUR,974386.12
983,Wilfrid,Durnford,EUR,111684.79
984,Kinna,Packe,USD,228392.66
985,Gasper,Arrowsmith,EUR,510317.74
986,Patty,Baskeyfied,RUB,826319.67
987,Gaultiero,Cervantes,RUB,92880.23
988,Carola,Redmell,USD,825851.03
989,Massimiliano,Cantero,GBP,91666.17
990,Liam,Sames,EUR,729365.71
991,Osbourn,Mullan,EUR,792015.11
992,Maxim,Dybell,EUR,632585.51
993,Roanna,Brimilcome,RUB,827705.81
994,Early,Tichner,GBP,30034.27
995,Joella,Rawstorn,GBP,303525.68
996,Cort,Aluard,EUR,882417.7
997,Norri,Oslar,RUB,63022.06
998,Herrick,Worvell,GBP,649821.07
999,Winifred,Atwel,USD,193430.8
1000,Orelie,Rantoull,EUR,557509.23
